metric,mann_kendall_tau,p_value,sens_slope,trend_per_decade,significance
SMI,-0.08088878812966611,0.023939388996178333,-0.03360215053763449,-4.032258064516139,significant
drought_frequency,0.12444674903521002,0.3688673373504865,0.0,0.0,not_significant
intensity,0.08011874135222227,0.5422066379067911,0.184331797235023,1.84331797235023,not_significant
