,name,general-beta,temporal-gamma,temporal-alpha,spatial-gamma,spatial-alpha,comb
0,pre-pet,0.8420233,-0.14469220500057992,2.241329,-0.100518542569936,2.4226062,-0.9148562500137403
