,name,general-beta,temporal-gamma,temporal-alpha,spatial-gamma,spatial-alpha,comb
0,pre-pet,1.2014586,-0.1371021826679463,2.9219427,-0.1024400349141305,3.2084286,-1.5830193962465788
