,name,general-beta,temporal-gamma,temporal-alpha,spatial-gamma,spatial-alpha,comb
0,pre-pet,1.159627,-0.16759828191414305,2.8533382,-0.11273443470185651,3.148494,-1.531145997273264
