,facc_file,basin_file,literature
0,302.44530509375,302.47486675,314.0
