,name,general-beta,temporal-gamma,temporal-alpha,spatial-gamma,spatial-alpha,comb
0,pre-pet,0.9616243,-0.14453736612628285,2.507536,-0.10075048580400865,2.7861693,-1.188993674523338
