,facc_file,basin_file,literature
0,180.5313551191406,180.56113103125,179.0
