,facc_file,basin_file,literature
0,682.7654875507812,682.795107328125,679.0
