,facc_file,basin_file,literature
0,239.63516845898437,239.6649627109375,227.2
