{
  "chemnitz2": {
    "mdi_spi": 0.32471516548977947,
    "mdi_spei": 0.356545967094109,
    "smi_spi": 0.4804281627283424,
    "smi_spei": 0.5202126554984587,
    "spi_spei": 0.9736916187702519,
    "kge": 0.5523099983232416,
    "r": 0.945022063754003,
    "drought_2018_2020": {
      "mdi_min": 1.0344827586206895,
      "smi_min": 0.0,
      "spi_min": -2.980949343531309,
      "spei_min": -2.980949343531309,
      "mdi_months_below_20": 17,
      "smi_months_below_20": 23,
      "spi_extreme": 4,
      "spei_extreme": 6
    }
  },
  "wesenitz2": {
    "mdi_spi": 0.32305755485460563,
    "mdi_spei": 0.32521438372803824,
    "smi_spi": 0.34112391761952365,
    "smi_spei": 0.3618869375690385,
    "spi_spei": 0.9673372047579301,
    "kge": 0.660804158713773,
    "r": 0.9072101105588815,
    "drought_2018_2020": {
      "mdi_min": 1.0344827586206895,
      "smi_min": 0.0,
      "spi_min": -2.980949343531309,
      "spei_min": -2.980949343531309,
      "mdi_months_below_20": 16,
      "smi_months_below_20": 19,
      "spi_extreme": 3,
      "spei_extreme": 4
    }
  },
  "parthe": {
    "mdi_spi": 0.4487923441081161,
    "mdi_spei": 0.45309259603328605,
    "smi_spi": 0.6359483748067575,
    "smi_spei": 0.6594153264554677,
    "spi_spei": 0.9612573915010902,
    "kge": 0.9217964590682468,
    "r": 0.9238479738174687,
    "drought_2018_2020": {
      "mdi_min": 0.0,
      "smi_min": 0.0,
      "spi_min": -2.980949343531309,
      "spei_min": -2.980949343531309,
      "mdi_months_below_20": 14,
      "smi_months_below_20": 22,
      "spi_extreme": 8,
      "spei_extreme": 8
    }
  },
  "wyhra": {
    "mdi_spi": 0.4194115891410896,
    "mdi_spei": 0.4332849314370684,
    "smi_spi": 0.5920864891631229,
    "smi_spei": 0.6122797406132414,
    "spi_spei": 0.9569494452167647,
    "kge": 0.7119465811131087,
    "r": 0.8625082933217761,
    "drought_2018_2020": {
      "mdi_min": 0.0,
      "smi_min": 0.0,
      "spi_min": -2.980949343531309,
      "spei_min": -2.980949343531309,
      "mdi_months_below_20": 13,
      "smi_months_below_20": 17,
      "spi_extreme": 3,
      "spei_extreme": 6
    }
  },
  "goeltzsch2": {
    "mdi_spi": 0.22585204235524026,
    "mdi_spei": 0.2289879983767506,
    "smi_spi": 0.2850710701346785,
    "smi_spei": 0.3051289999016485,
    "spi_spei": 0.9736916187702519,
    "kge": 0.6766473910266704,
    "r": 0.9148892732648878,
    "drought_2018_2020": {
      "mdi_min": 0.0,
      "smi_min": 0.0,
      "spi_min": -2.980949343531309,
      "spei_min": -2.980949343531309,
      "mdi_months_below_20": 11,
      "smi_months_below_20": 16,
      "spi_extreme": 4,
      "spei_extreme": 6
    }
  },
  "zwoenitz1": {
    "mdi_spi": 0.31303563864672185,
    "mdi_spei": 0.3438365758780138,
    "smi_spi": 0.442947598659067,
    "smi_spei": 0.48215265966042814,
    "spi_spei": 0.9736916187702519,
    "kge": 0.5826134128500673,
    "r": 0.9173815613899574,
    "drought_2018_2020": {
      "mdi_min": 0.0,
      "smi_min": 0.0,
      "spi_min": -2.980949343531309,
      "spei_min": -2.980949343531309,
      "mdi_months_below_20": 17,
      "smi_months_below_20": 24,
      "spi_extreme": 4,
      "spei_extreme": 6
    }
  }
}