,name,general-beta,temporal-gamma,temporal-alpha,spatial-gamma,spatial-alpha,comb
0,pre-pet,0.9431159,-0.13943330755005176,2.456072,-0.09050286892796996,2.6435838,-1.0946008076841274
