,facc_file,basin_file,literature
0,526.929924265625,526.9597414863282,532.0
